archivo,error
CNPV2018_1VIV_A2_05.CSV,"No se pudo leer CNPV2018_1VIV_A2_05.CSV:
utf-8: The 'low_memory' option is not supported with the 'python' engine
utf-8-sig: The 'low_memory' option is not supported with the 'python' engine
cp1252: The 'low_memory' option is not supported with the 'python' engine
latin-1: The 'low_memory' option is not supported with the 'python' engine"
CNPV2018_2HOG_A2_05.CSV,"No se pudo leer CNPV2018_2HOG_A2_05.CSV:
utf-8: The 'low_memory' option is not supported with the 'python' engine
utf-8-sig: The 'low_memory' option is not supported with the 'python' engine
cp1252: The 'low_memory' option is not supported with the 'python' engine
latin-1: The 'low_memory' option is not supported with the 'python' engine"
CNPV2018_3FALL_A2_05.CSV,"No se pudo leer CNPV2018_3FALL_A2_05.CSV:
utf-8: The 'low_memory' option is not supported with the 'python' engine
utf-8-sig: The 'low_memory' option is not supported with the 'python' engine
cp1252: The 'low_memory' option is not supported with the 'python' engine
latin-1: The 'low_memory' option is not supported with the 'python' engine"
CNPV2018_5PER_A2_05.CSV,"No se pudo leer CNPV2018_5PER_A2_05.CSV:
utf-8: The 'low_memory' option is not supported with the 'python' engine
utf-8-sig: The 'low_memory' option is not supported with the 'python' engine
cp1252: The 'low_memory' option is not supported with the 'python' engine
latin-1: The 'low_memory' option is not supported with the 'python' engine"
CNPV2018_MGN_A2_05.CSV,"No se pudo leer CNPV2018_MGN_A2_05.CSV:
utf-8: The 'low_memory' option is not supported with the 'python' engine
utf-8-sig: The 'low_memory' option is not supported with the 'python' engine
cp1252: The 'low_memory' option is not supported with the 'python' engine
latin-1: The 'low_memory' option is not supported with the 'python' engine"
