archivo,variable,tipo_dato,valores_nulos,porcentaje_nulos,valores_unicos
CNPV2018_1VIV_A2_05.CSV,TIPO_REG,int64,0,0.0,1
CNPV2018_1VIV_A2_05.CSV,U_DPTO,int64,0,0.0,1
CNPV2018_1VIV_A2_05.CSV,U_MPIO,int64,0,0.0,1
CNPV2018_1VIV_A2_05.CSV,UA_CLASE,int64,0,0.0,1
CNPV2018_1VIV_A2_05.CSV,U_EDIFICA,int64,0,0.0,1
CNPV2018_1VIV_A2_05.CSV,COD_ENCUESTAS,int64,0,0.0,5
CNPV2018_1VIV_A2_05.CSV,U_VIVIENDA,int64,0,0.0,5
CNPV2018_1VIV_A2_05.CSV,UVA_ESTATER,float64,5,100.0,0
CNPV2018_1VIV_A2_05.CSV,UVA1_TIPOTER,float64,5,100.0,0
CNPV2018_1VIV_A2_05.CSV,UVA2_CODTER,float64,5,100.0,0
CNPV2018_1VIV_A2_05.CSV,UVA_ESTA_AREAPROT,int64,0,0.0,1
CNPV2018_1VIV_A2_05.CSV,UVA1_COD_AREAPROT,float64,5,100.0,0
CNPV2018_1VIV_A2_05.CSV,UVA_USO_UNIDAD,int64,0,0.0,1
CNPV2018_1VIV_A2_05.CSV,V_TIPO_VIV,int64,0,0.0,2
CNPV2018_1VIV_A2_05.CSV,V_CON_OCUP,int64,0,0.0,1
CNPV2018_1VIV_A2_05.CSV,V_TOT_HOG,int64,0,0.0,4
CNPV2018_1VIV_A2_05.CSV,V_MAT_PARED,int64,0,0.0,2
CNPV2018_1VIV_A2_05.CSV,V_MAT_PISO,int64,0,0.0,3
CNPV2018_1VIV_A2_05.CSV,VA_EE,int64,0,0.0,1
CNPV2018_1VIV_A2_05.CSV,VA1_ESTRATO,int64,0,0.0,1
CNPV2018_1VIV_A2_05.CSV,VB_ACU,int64,0,0.0,1
CNPV2018_1VIV_A2_05.CSV,VC_ALC,int64,0,0.0,1
CNPV2018_1VIV_A2_05.CSV,VD_GAS,int64,0,0.0,2
CNPV2018_1VIV_A2_05.CSV,VE_RECBAS,int64,0,0.0,1
CNPV2018_1VIV_A2_05.CSV,VE1_QSEM,int64,0,0.0,1
CNPV2018_1VIV_A2_05.CSV,VF_INTERNET,int64,0,0.0,2
CNPV2018_1VIV_A2_05.CSV,V_TIPO_SERSA,int64,0,0.0,1
CNPV2018_1VIV_A2_05.CSV,L_TIPO_INST,float64,5,100.0,0
CNPV2018_1VIV_A2_05.CSV,L_EXISTEHOG,float64,5,100.0,0
CNPV2018_1VIV_A2_05.CSV,L_TOT_PERL,float64,5,100.0,0
CNPV2018_2HOG_A2_05.CSV,TIPO_REG,int64,0,0.0,1
CNPV2018_2HOG_A2_05.CSV,U_DPTO,int64,0,0.0,1
CNPV2018_2HOG_A2_05.CSV,U_MPIO,int64,0,0.0,1
CNPV2018_2HOG_A2_05.CSV,UA_CLASE,int64,0,0.0,1
CNPV2018_2HOG_A2_05.CSV,COD_ENCUESTAS,int64,0,0.0,4
CNPV2018_2HOG_A2_05.CSV,U_VIVIENDA,int64,0,0.0,4
CNPV2018_2HOG_A2_05.CSV,H_NROHOG,int64,0,0.0,2
CNPV2018_2HOG_A2_05.CSV,H_NRO_CUARTOS,int64,0,0.0,2
CNPV2018_2HOG_A2_05.CSV,H_NRO_DORMIT,int64,0,0.0,2
CNPV2018_2HOG_A2_05.CSV,H_DONDE_PREPALIM,int64,0,0.0,1
CNPV2018_2HOG_A2_05.CSV,H_AGUA_COCIN,int64,0,0.0,1
CNPV2018_2HOG_A2_05.CSV,HA_NRO_FALL,float64,5,100.0,0
CNPV2018_2HOG_A2_05.CSV,HA_TOT_PER,int64,0,0.0,3
CNPV2018_3FALL_A2_05.CSV,TIPO_REG,int64,0,0.0,1
CNPV2018_3FALL_A2_05.CSV,U_DPTO,int64,0,0.0,1
CNPV2018_3FALL_A2_05.CSV,U_MPIO,int64,0,0.0,1
CNPV2018_3FALL_A2_05.CSV,UA_CLASE,int64,0,0.0,1
CNPV2018_3FALL_A2_05.CSV,COD_ENCUESTAS,int64,0,0.0,5
CNPV2018_3FALL_A2_05.CSV,U_VIVIENDA,int64,0,0.0,4
CNPV2018_3FALL_A2_05.CSV,F_NROHOG,int64,0,0.0,2
CNPV2018_3FALL_A2_05.CSV,FA1_NRO_FALL,int64,0,0.0,1
CNPV2018_3FALL_A2_05.CSV,FA2_SEXO_FALL,int64,0,0.0,2
CNPV2018_3FALL_A2_05.CSV,FA3_EDAD_FALL,int64,0,0.0,4
CNPV2018_3FALL_A2_05.CSV,FA4_CERT_DEFUN,int64,0,0.0,2
CNPV2018_5PER_A2_05.CSV,TIPO_REG,int64,0,0.0,1
CNPV2018_5PER_A2_05.CSV,U_DPTO,int64,0,0.0,1
CNPV2018_5PER_A2_05.CSV,U_MPIO,int64,0,0.0,1
CNPV2018_5PER_A2_05.CSV,UA_CLASE,int64,0,0.0,1
CNPV2018_5PER_A2_05.CSV,COD_ENCUESTAS,int64,0,0.0,1
CNPV2018_5PER_A2_05.CSV,U_VIVIENDA,int64,0,0.0,1
CNPV2018_5PER_A2_05.CSV,P_NROHOG,int64,0,0.0,1
CNPV2018_5PER_A2_05.CSV,P_NRO_PER,int64,0,0.0,5
CNPV2018_5PER_A2_05.CSV,P_SEXO,int64,0,0.0,2
CNPV2018_5PER_A2_05.CSV,P_EDADR,int64,0,0.0,4
CNPV2018_5PER_A2_05.CSV,P_PARENTESCOR,int64,0,0.0,4
CNPV2018_5PER_A2_05.CSV,PA1_GRP_ETNIC,int64,0,0.0,1
CNPV2018_5PER_A2_05.CSV,PA11_COD_ETNIA,float64,5,100.0,0
CNPV2018_5PER_A2_05.CSV,PA12_CLAN,float64,5,100.0,0
CNPV2018_5PER_A2_05.CSV,PA21_COD_VITSA,float64,5,100.0,0
CNPV2018_5PER_A2_05.CSV,PA22_COD_KUMPA,float64,5,100.0,0
CNPV2018_5PER_A2_05.CSV,PA_HABLA_LENG,float64,5,100.0,0
CNPV2018_5PER_A2_05.CSV,PA1_ENTIENDE,float64,5,100.0,0
CNPV2018_5PER_A2_05.CSV,PB_OTRAS_LENG,float64,5,100.0,0
CNPV2018_5PER_A2_05.CSV,PB1_QOTRAS_LENG,float64,5,100.0,0
CNPV2018_5PER_A2_05.CSV,PA_LUG_NAC,int64,0,0.0,2
CNPV2018_5PER_A2_05.CSV,PA_VIVIA_5ANOS,int64,0,0.0,2
CNPV2018_5PER_A2_05.CSV,PA_VIVIA_1ANO,int64,0,0.0,1
CNPV2018_5PER_A2_05.CSV,P_ENFERMO,int64,0,0.0,1
CNPV2018_5PER_A2_05.CSV,P_QUEHIZO_PPAL,float64,5,100.0,0
CNPV2018_5PER_A2_05.CSV,PA_LO_ATENDIERON,float64,5,100.0,0
CNPV2018_5PER_A2_05.CSV,PA1_CALIDAD_SERV,float64,5,100.0,0
CNPV2018_5PER_A2_05.CSV,CONDICION_FISICA,int64,0,0.0,1
CNPV2018_5PER_A2_05.CSV,P_ALFABETA,float64,1,20.0,1
CNPV2018_5PER_A2_05.CSV,PA_ASISTENCIA,float64,1,20.0,2
CNPV2018_5PER_A2_05.CSV,P_NIVEL_ANOSR,float64,1,20.0,2
CNPV2018_5PER_A2_05.CSV,P_TRABAJO,float64,1,20.0,3
CNPV2018_5PER_A2_05.CSV,P_EST_CIVIL,float64,1,20.0,2
CNPV2018_5PER_A2_05.CSV,PA_HNV,float64,3,60.0,1
CNPV2018_5PER_A2_05.CSV,PA1_THNV,float64,3,60.0,2
CNPV2018_5PER_A2_05.CSV,PA2_HNVH,float64,3,60.0,2
CNPV2018_5PER_A2_05.CSV,PA3_HNVM,float64,3,60.0,1
CNPV2018_5PER_A2_05.CSV,PA_HNVS,float64,3,60.0,1
CNPV2018_5PER_A2_05.CSV,PA1_THSV,float64,3,60.0,2
CNPV2018_5PER_A2_05.CSV,PA2_HSVH,float64,3,60.0,2
CNPV2018_5PER_A2_05.CSV,PA3_HSVM,float64,3,60.0,1
CNPV2018_5PER_A2_05.CSV,PA_HFC,float64,3,60.0,1
CNPV2018_5PER_A2_05.CSV,PA1_THFC,float64,5,100.0,0
CNPV2018_5PER_A2_05.CSV,PA2_HFCH,float64,5,100.0,0
CNPV2018_5PER_A2_05.CSV,PA3_HFCM,float64,5,100.0,0
CNPV2018_5PER_A2_05.CSV,PA_UHNV,float64,3,60.0,1
CNPV2018_5PER_A2_05.CSV,PA1_MES_UHNV,float64,3,60.0,2
CNPV2018_5PER_A2_05.CSV,PA2_ANO_UHNV,float64,3,60.0,2
CNPV2018_MGN_A2_05.CSV,U_DPTO,int64,0,0.0,1
CNPV2018_MGN_A2_05.CSV,U_MPIO,int64,0,0.0,1
CNPV2018_MGN_A2_05.CSV,UA_CLASE,int64,0,0.0,1
CNPV2018_MGN_A2_05.CSV,UA1_LOCALIDAD,int64,0,0.0,1
CNPV2018_MGN_A2_05.CSV,U_SECT_RUR,int64,0,0.0,1
CNPV2018_MGN_A2_05.CSV,U_SECC_RUR,int64,0,0.0,1
CNPV2018_MGN_A2_05.CSV,UA2_CPOB,int64,0,0.0,1
CNPV2018_MGN_A2_05.CSV,U_SECT_URB,int64,0,0.0,1
CNPV2018_MGN_A2_05.CSV,U_SECC_URB,int64,0,0.0,1
CNPV2018_MGN_A2_05.CSV,U_MZA,int64,0,0.0,1
CNPV2018_MGN_A2_05.CSV,U_EDIFICA,int64,0,0.0,1
CNPV2018_MGN_A2_05.CSV,COD_ENCUESTAS,int64,0,0.0,5
CNPV2018_MGN_A2_05.CSV,U_VIVIENDA,int64,0,0.0,5
CNPV2018_MGN_A2_05.CSV,COD_DANE_ANM,object,0,0.0,1
