divipola,municipio,departamento,anio,cobertura_internet_fijo_pct,hogares_con_internet_pct,cobertura_movil_3g_4g_pct,suscriptores_moviles_por_100_hab,accesos_fijos,accesos_moviles,tecnologia_acceso_fijo,cobertura_2g_pct,cobertura_3g_pct,cobertura_4g_pct,cobertura_5g_pct,centros_digitales,zonas_comunitarias,infraestructura_fibra,operadores,interrupciones_fallas_relevantes,fuente_base,accesos_fijos_2025_t3,penetracion_internet_fijo_2025_t3_pct,accesos_cable_2025_t3,accesos_fiber_to_the_building_o_fiber_to_the_basement__fttb_2025_t3,accesos_fiber_to_the_home__ftth_2025_t3,accesos_fiber_to_the_premises_2025_t3,accesos_hybrid_fiber_coaxial__hfc_2025_t3,accesos_otras_tecnologías_de_fibra__antes_fttx_2025_t3,accesos_otras_tecnologías_inalámbricas_2025_t3,accesos_satelital_2025_t3,accesos_wifi_2025_t3,accesos_wimax_2025_t3,accesos_xdsl_2025_t3,operadores_movil_2025_t3,presencia_2g_2025_t3,presencia_3g_2025_t3,presencia_4g_2025_t3,presencia_5g_2025_t3,fuente_mintic_actualizacion,periodo_actualizacion
27001,Quibdó,Chocó,2018,13.1238,,9.68,,,,,,,,,,,,,,Base existente; fuentes documentadas en el Diccionario del archivo original,12699,8.646127659574468,6.0,2.0,10949.0,3.0,426.0,2.0,74.0,1075.0,37.0,96.0,29.0,4,1,1,1,1,MinTIC / Colombia TIC,2025-T3
27006,Acandí,Chocó,2018,0.2999,15.55,25.0,,,,,,,,,,,,,,Base existente; fuentes documentadas en el Diccionario del archivo original,837,5.200049701789265,,,369.0,,,,164.0,265.0,,39.0,,4,1,1,1,1,MinTIC / Colombia TIC,2025-T3
27025,Alto Baudó,Chocó,2018,0.0529,1.86,5.88,,,,,,,,,,,,,,Base existente; fuentes documentadas en el Diccionario del archivo original,85,0.2677587021578201,,,25.0,,,,,60.0,,,,4,1,1,1,0,MinTIC / Colombia TIC,2025-T3
27050,Atrato,Chocó,2018,0.2232,2.2,13.33,,,,,,,,,,,,,,Base existente; fuentes documentadas en el Diccionario del archivo original,42,0.6032749209997127,,,19.0,,,,,23.0,,,,4,1,1,1,0,MinTIC / Colombia TIC,2025-T3
27073,Bagadó,Chocó,2018,0.315,9.06,7.69,,,,,,,,,,,,,,Base existente; fuentes documentadas en el Diccionario del archivo original,68,0.5686094155029685,,,7.0,,,,,61.0,,,,4,1,1,1,0,MinTIC / Colombia TIC,2025-T3
27075,Bahía Solano,Chocó,2018,0.2553,18.54,12.5,,,,,,,,,,,,,,Base existente; fuentes documentadas en el Diccionario del archivo original,1333,11.421472024676548,,,370.0,,,1.0,,555.0,133.0,274.0,,4,1,1,1,0,MinTIC / Colombia TIC,2025-T3
27077,Bajo Baudó,Chocó,2018,0.2425,4.25,4.17,,,,,,,,,,,,,,Base existente; fuentes documentadas en el Diccionario del archivo original,268,0.7777810024087993,,,48.0,,,,,220.0,,,,4,1,1,1,0,MinTIC / Colombia TIC,2025-T3
27099,Bojayá,Chocó,2018,0.2472,1.95,7.14,,,,,,,,,,,,,,Base existente; fuentes documentadas en el Diccionario del archivo original,162,1.16254036598493,,,32.0,,,,,67.0,,63.0,,4,1,1,1,0,MinTIC / Colombia TIC,2025-T3
27135,El Cantón del San Pablo,Chocó,2018,0.1863,2.08,10.0,,,,,,,,,,,,,,Base existente; fuentes documentadas en el Diccionario del archivo original,259,3.6915621436716077,,,206.0,,,,,53.0,,,,4,1,1,1,1,MinTIC / Colombia TIC,2025-T3
27150,Carmen del Darién,Chocó,2018,0.4506,1.69,6.25,,,,,,,,,,,,,,Base existente; fuentes documentadas en el Diccionario del archivo original,245,1.0905368111813407,,,100.0,,,,,145.0,,,,4,1,1,1,0,MinTIC / Colombia TIC,2025-T3
27160,Cértegui,Chocó,2018,0.0883,1.53,16.67,,,,,,,,,,,,,,Base existente; fuentes documentadas en el Diccionario del archivo original,293,4.649317676927959,,,274.0,,,,,19.0,,,,4,1,1,1,0,MinTIC / Colombia TIC,2025-T3
27205,Condoto,Chocó,2018,2.7695,5.13,6.67,,,,,,,,,,,,,,Base existente; fuentes documentadas en el Diccionario del archivo original,1461,10.301064654868505,,,1374.0,,,,,87.0,,,,4,1,1,1,0,MinTIC / Colombia TIC,2025-T3
27245,El Carmen de Atrato,Chocó,2018,0.1557,27.98,14.29,,,,,,,,,,,,,,Base existente; fuentes documentadas en el Diccionario del archivo original,662,7.032826941463933,,,429.0,,,,,81.0,152.0,,,4,1,1,1,0,MinTIC / Colombia TIC,2025-T3
27250,El Litoral del San Juan,Chocó,2018,0.2133,1.92,2.63,,,,,,,,,,,,,,Base existente; fuentes documentadas en el Diccionario del archivo original,105,0.40675602386302007,,,4.0,,,,,101.0,,,,4,1,1,1,0,MinTIC / Colombia TIC,2025-T3
27361,Istmina,Chocó,2018,8.2956,15.89,5.0,,,,,,,,,,,,,,Base existente; fuentes documentadas en el Diccionario del archivo original,2300,6.683326553146975,,,1801.0,,,,,496.0,,,3.0,4,1,1,1,1,MinTIC / Colombia TIC,2025-T3
27372,Juradó,Chocó,2018,0.3087,12.8,11.11,,,,,,,,,,,,,,Base existente; fuentes documentadas en el Diccionario del archivo original,106,1.3879795731308104,,,2.0,,,,,100.0,3.0,1.0,,4,1,1,1,0,MinTIC / Colombia TIC,2025-T3
27413,Lloró,Chocó,2018,0.3054,2.18,7.69,,,,,,,,,,,,,,Base existente; fuentes documentadas en el Diccionario del archivo original,59,0.549092601209865,,,34.0,,,1.0,,24.0,,,,4,1,1,1,0,MinTIC / Colombia TIC,2025-T3
27425,Medio Atrato,Chocó,2018,0.0431,0.56,10.0,,,,,,,,,,,,,,Base existente; fuentes documentadas en el Diccionario del archivo original,138,1.0534351145038168,,,29.0,,,,,109.0,,,,4,1,1,1,0,MinTIC / Colombia TIC,2025-T3
27430,Medio Baudó,Chocó,2018,0.2686,0.71,17.65,,,,,,,,,,,,,,Base existente; fuentes documentadas en el Diccionario del archivo original,98,0.5717953206138048,,,30.0,,,,,68.0,,,,4,1,1,1,1,MinTIC / Colombia TIC,2025-T3
27450,Medio San Juan,Chocó,2018,0.1489,2.34,5.0,,,,,,,,,,,,,,Base existente; fuentes documentadas en el Diccionario del archivo original,173,1.4483047300125576,,,65.0,,,,,108.0,,,,4,1,1,1,0,MinTIC / Colombia TIC,2025-T3
27491,Nóvita,Chocó,2018,0.377,15.58,7.14,,,,,,,,,,,,,,Base existente; fuentes documentadas en el Diccionario del archivo original,504,4.776798407733864,,,302.0,,,,,202.0,,,,4,1,1,1,0,MinTIC / Colombia TIC,2025-T3
27493,Nuevo Belén de Bajirá,Chocó,2018,,,,,,,,,,,,,,,,,Base existente; fuentes documentadas en el Diccionario del archivo original,10,,,,10.0,,,,,,,,,2,1,1,1,0,MinTIC / Colombia TIC,2025-T3
27495,Nuquí,Chocó,2018,0.2707,15.03,22.22,,,,,,,,,,,,,,Base existente; fuentes documentadas en el Diccionario del archivo original,348,1.8808777429467085,,,129.0,,,,,218.0,,1.0,,4,1,1,1,0,MinTIC / Colombia TIC,2025-T3
27580,Río Iró,Chocó,2018,0.1762,0.4,14.29,,,,,,,,,,,,,,Base existente; fuentes documentadas en el Diccionario del archivo original,41,0.685274945679425,,,25.0,,,,,16.0,,,,4,1,1,1,0,MinTIC / Colombia TIC,2025-T3
27600,Río Quito,Chocó,2018,10.0086,1.75,8.33,,,,,,,,,,,,,,Base existente; fuentes documentadas en el Diccionario del archivo original,602,6.475903614457831,486.0,,25.0,,,,,91.0,,,,4,1,1,1,0,MinTIC / Colombia TIC,2025-T3
27615,Riosucio,Chocó,2018,0.3174,2.77,6.45,,,,,,,,,,,,,,Base existente; fuentes documentadas en el Diccionario del archivo original,878,1.360312345066931,,,15.0,,,,,863.0,,,,4,1,1,1,0,MinTIC / Colombia TIC,2025-T3
27660,San José del Palmar,Chocó,2018,1.097,3.82,8.33,,,,,,,,,,,,,,Base existente; fuentes documentadas en el Diccionario del archivo original,85,1.4632466861766225,,,43.0,,,3.0,,39.0,,,,4,1,1,1,0,MinTIC / Colombia TIC,2025-T3
27745,Sipí,Chocó,2018,0.3081,2.83,8.33,,,,,,,,,,,,,,Base existente; fuentes documentadas en el Diccionario del archivo original,106,2.893013100436681,,,24.0,,,,,82.0,,,,4,1,1,1,0,MinTIC / Colombia TIC,2025-T3
27787,Tadó,Chocó,2018,1.9778,5.7,4.35,,,,,,,,,,,,,,Base existente; fuentes documentadas en el Diccionario del archivo original,515,2.5151396757179136,,,442.0,,,,,73.0,,,,4,1,1,1,0,MinTIC / Colombia TIC,2025-T3
27800,Unguía,Chocó,2018,0.1441,13.56,7.14,,,,,,,,,,,,,,Base existente; fuentes documentadas en el Diccionario del archivo original,111,0.7522363784223367,,,2.0,,,,,109.0,,,,4,1,1,1,0,MinTIC / Colombia TIC,2025-T3
27810,Unión Panamericana,Chocó,2018,0.149,20.42,20.0,,,,,,,,,,,,,,Base existente; fuentes documentadas en el Diccionario del archivo original,1037,13.596433722302347,,,944.0,,,,,81.0,12.0,,,4,1,1,1,0,MinTIC / Colombia TIC,2025-T3
